-- phpMyAdmin SQL Dump
-- version 2.11.11.3
-- http://www.phpmyadmin.net
--
-- 主機: localhost
-- 建立日期: Jun 03, 2012, 04:18 AM
-- 伺服器版本: 5.0.77
-- PHP 版本: 5.1.6

SET SQL_MODE="NO_AUTO_VALUE_ON_ZERO";


/*!40101 SET @OLD_CHARACTER_SET_CLIENT=@@CHARACTER_SET_CLIENT */;
/*!40101 SET @OLD_CHARACTER_SET_RESULTS=@@CHARACTER_SET_RESULTS */;
/*!40101 SET @OLD_COLLATION_CONNECTION=@@COLLATION_CONNECTION */;
/*!40101 SET NAMES utf8 */;

--
-- 資料庫: `ttupc`
--
CREATE DATABASE `ttupc` DEFAULT CHARACTER SET utf8 COLLATE utf8_unicode_ci;
USE `ttupc`;

-- --------------------------------------------------------

--
-- 資料表格式： `ipmapteam`
--

CREATE TABLE IF NOT EXISTS `ipmapteam` (
  `ip` varchar(15) collate utf8_unicode_ci NOT NULL,
  `teamno` int(11) NOT NULL,
  PRIMARY KEY  (`ip`)
) ENGINE=MyISAM DEFAULT CHARSET=utf8 COLLATE=utf8_unicode_ci;

--
-- 列出以下資料庫的數據： `ipmapteam`
--

INSERT INTO `ipmapteam` (`ip`, `teamno`) VALUES
('140.129.13.8', 2),
('140.129.13.29', 3),
('140.129.50.200', 17),
('140.129.13.39', 4),
('140.129.13.153', 12),
('140.129.13.79', 7),
('140.129.13.137', 9),
('140.129.13.4', 1),
('140.129.13.89', 8),
('140.129.13.164', 15),
('140.129.13.160', 14),
('140.129.13.54', 5),
('140.129.13.150', 11),
('140.129.13.146', 10),
('140.129.13.3', 6),
('140.129.13.64', 16),
('140.129.13.156', 13),
('140.129.13.121', 17),
('140.129.38.57', 17);

-- --------------------------------------------------------

--
-- 資料表格式： `print`
--

CREATE TABLE IF NOT EXISTS `print` (
  `ip` varchar(15) collate utf8_unicode_ci NOT NULL,
  `filename` varchar(50) collate utf8_unicode_ci NOT NULL,
  `realname` varchar(50) collate utf8_unicode_ci NOT NULL,
  `timestamp` timestamp NOT NULL default CURRENT_TIMESTAMP on update CURRENT_TIMESTAMP,
  `hasprint` tinyint(1) NOT NULL,
  PRIMARY KEY  (`realname`)
) ENGINE=MyISAM DEFAULT CHARSET=utf8 COLLATE=utf8_unicode_ci;

--
-- 列出以下資料庫的數據： `print`
--

INSERT INTO `print` (`ip`, `filename`, `realname`, `timestamp`, `hasprint`) VALUES
('140.129.13.146', 'pe.c', 'team10_20120512_122111', '2012-05-12 12:21:26', 1),
('140.129.13.146', 'A.c', 'team10_20120512_113134', '2012-05-12 11:31:54', 1),
('140.129.13.164', 'pa.c', 'team15_20120512_111553', '2012-05-12 11:16:18', 1),
('140.129.13.54', 'nd.c', 'team5_20120512_111543', '2012-05-12 11:15:57', 1),
('140.129.13.29', 'main.cpp', 'team3_20120512_110946', '2012-05-12 11:10:04', 1),
('140.129.13.156', 'A.c', 'team13_20120512_110816', '2012-05-12 11:08:37', 1),
('140.129.13.137', 'PA.c', 'team9_20120512_110135', '2012-05-12 11:01:52', 1),
('140.129.13.121', '5.c', 'team17_20120512_092956', '2012-05-12 09:30:04', 1),
('140.129.13.164', 'pa.c', 'team15_20120512_104216', '2012-05-12 10:42:38', 1),
('140.129.13.64', 'a.c', 'team16_20120512_123308', '2012-05-12 12:33:28', 1),
('140.129.13.164', 'pa.c', 'team15_20120512_123624', '2012-05-12 12:36:35', 1),
('140.129.13.146', 'pd.c', 'team10_20120512_125254', '2012-05-12 12:53:03', 1),
('140.129.13.64', 'i.c', 'team16_20120512_125931', '2012-05-12 12:59:47', 1),
('140.129.13.137', 'PA2.c', 'team9_20120512_010001', '2012-05-12 13:00:07', 1),
('140.129.13.146', 'pd.c', 'team10_20120512_010602', '2012-05-12 13:06:18', 1),
('140.129.13.146', 'pd.c', 'team10_20120512_012253', '2012-05-12 13:23:03', 1),
('140.129.13.146', 'pe.c', 'team10_20120512_012349', '2012-05-12 13:23:57', 1),
('140.129.13.64', 'd.c', 'team16_20120512_012619', '2012-05-12 13:26:32', 1),
('140.129.13.164', 'pd.c', 'team15_20120512_012951', '2012-05-12 13:30:12', 1),
('140.129.13.146', 'A.c', 'team10_20120512_014210', '2012-05-12 13:42:32', 1),
('140.129.13.164', 'pb.java', 'team15_20120512_014952', '2012-05-12 13:50:07', 1),
('140.129.13.137', 'PE.c', 'team9_20120512_015810', '2012-05-12 13:58:17', 1),
('140.129.13.164', 'pb.java', 'team15_20120512_020315', '2012-05-12 14:03:43', 1),
('140.129.13.146', 'A.c', 'team10_20120512_020315', '2012-05-12 14:03:23', 1),
('140.129.13.164', 'pb.java', 'team15_20120512_020744', '2012-05-12 14:07:58', 1),
('140.129.13.164', 'pb.java', 'team15_20120512_022723', '2012-05-12 14:27:44', 1),
('140.129.13.164', 'pb.java', 'team15_20120512_023511', '2012-05-12 14:35:18', 1),
('140.129.13.146', 'pd.c', 'team10_20120512_024559', '2012-05-12 14:46:14', 1),
('140.129.50.200', '3.c', 'team17_20120514_053145', '2012-05-14 17:31:53', 1),
('140.129.13.121', '5.c', 'team17_20120515_064342', '2012-05-15 18:43:52', 1),
('140.129.50.200', '1.c', 'team17_20120524_054751', '2012-05-24 17:50:21', 1);

-- --------------------------------------------------------

--
-- 資料表格式： `team`
--

CREATE TABLE IF NOT EXISTS `team` (
  `testteamno` int(11) NOT NULL,
  `teamno` int(11) NOT NULL,
  `teamname` varchar(50) collate utf8_unicode_ci NOT NULL
) ENGINE=MyISAM  DEFAULT CHARSET=utf8 COLLATE=utf8_unicode_ci;

--
-- 列出以下資料庫的數據： `team`
--

INSERT INTO `team` (`testteamno`, `teamno`, `teamname`) VALUES
(3, 1, '大老二一隊'),
(4, 2, '噴哥一打三'),
(11, 3, '魯凱'),
(1, 4, '不'),
(5, 5, '老師在我旁邊'),
(16, 6, '紐約尼克'),
(7, 7, '老師在你後面'),
(2, 8, 'stdio.h'),
(9, 9, '老師別當我'),
(6, 10, '幹掉別隊'),
(14, 11, '老師要當我'),
(12, 12, '花花泡泡毛毛'),
(8, 13, '大中天'),
(13, 14, '大同夢之隊'),
(10, 15, '薩提斯'),
(15, 16, '欸取己自以可名隊'),
(17, 17, '測試隊伍');
